<?xml version="1.0" encoding="UTF-8"?>
<beans xmlns="http://www.springframework.org/schema/beans"
       xmlns:xsi="http://www.w3.org/2001/XMLSchema-instance"
       xsi:schemaLocation="http://www.springframework.org/schema/beans http://www.springframework.org/schema/beans/spring-beans.xsd">

    <import resource="controllerConfig.xml"/>
    <import resource="factoryConfig.xml"/>
    <import resource="persistenceConfig.xml"/>
    <import resource="serviceConfig.xml"/>
    <import resource="viewConfig.xml"/>

    <bean class="org.springframework.orm.jpa.support.PersistenceAnnotationBeanPostProcessor"/>

    <!-- c3p0 database connection pool management -->
    <bean id="dataSource" class="com.mchange.v2.c3p0.ComboPooledDataSource" destroy-method="close">
        <property name="driverClass" value="com.mysql.cj.jdbc.Driver"/>
        <property name="jdbcUrl" value="jdbc:mysql://localhost:3306/javabank"/>
        <property name="user" value="root"/>

        <!-- c3p0 database connection pool management properties -->
        <property name="minPoolSize" value="1"/>
        <property name="maxPoolSize" value="10"/>
        <property name="acquireIncrement" value="1"/>
        <property name="maxStatements" value="0"/>

        <!-- destroy idle pool after 300ms -->
        <property name="idleConnectionTestPeriod" value="300"/>

        <!-- destroy db connection if it fails to login after 7200ms -->
        <property name="loginTimeout" value="7200"/>

    </bean>

    <!-- spring jpa entity manager factory configuration -->
    <bean id="emFactory" class="org.springframework.orm.jpa.LocalContainerEntityManagerFactoryBean">
        <property name="dataSource" ref="dataSource"/>
        <property name="packagesToScan" value="io.codeforall.bootcamp.javabank.model"/>
        <property name="jpaVendorAdapter">
            <bean class="org.springframework.orm.jpa.vendor.HibernateJpaVendorAdapter"/>
        </property>
        <property name="jpaProperties">
            <map>
                <entry key="hibernate.dialect" value="org.hibernate.dialect.MySQL8Dialect"/>
                <entry key="hibernate.show_sql" value="false" />
                <!-- WARNING: Will re-create the database schema, causing data loss -->
                <entry key="hibernate.hbm2ddl.auto" value="create"/>
                <entry key="hibernate.hbm2ddl.import_files" value="db/test-data.sql"/>
                <entry key="hibernate.hbm2ddl.import_files_sql_extractor" value="org.hibernate.tool.hbm2ddl.MultipleLinesSqlCommandExtractor"/>
            </map>
        </property>
    </bean>


</beans>